"Time","能源互联网"
"2025-03-16",0
"2025-03-23",0
"2025-03-30",0
"2025-04-06",0
"2025-04-13",0
"2025-04-20",0
"2025-04-27",0
"2025-05-04",0
"2025-05-11",0
"2025-05-18",0
"2025-05-25",0
"2025-06-01",0
"2025-06-08",0
"2025-06-15",0
"2025-06-22",0
"2025-06-29",0
"2025-07-06",0
"2025-07-13",0
"2025-07-20",0
"2025-07-27",0
"2025-08-03",0
"2025-08-10",0
"2025-08-17",0
"2025-08-24",0
"2025-08-31",9
"2025-09-07",0
"2025-09-14",9
"2025-09-21",0
"2025-09-28",0
"2025-10-05",12
"2025-10-12",0
"2025-10-19",13
"2025-10-26",9
"2025-11-02",13
"2025-11-09",11
"2025-11-16",11
"2025-11-23",15
"2025-11-30",13
"2025-12-07",13
"2025-12-14",20
"2025-12-21",29
"2025-12-28",21
"2026-01-04",17
"2026-01-11",17
"2026-01-18",15
"2026-01-25",69
"2026-02-01",100
"2026-02-08",38
"2026-02-15",12
"2026-02-22",40
"2026-03-01",38
"2026-03-08",33
"2026-03-15",28