日期,关键词,当天出现总次数,来源,搜索词
20250106,新闻数量,2,中新网,新型电力系统
20250106,多能互补,0,中新网,新型电力系统
20250106,碳中和,0,中新网,新型电力系统
20250106,碳达峰,0,中新网,新型电力系统
20250106,柔性输电,0,中新网,新型电力系统
20250106,综合能源,0,中新网,新型电力系统
20250106,氢能,0,中新网,新型电力系统
20250106,电动汽车,0,中新网,新型电力系统
20250106,分布式交易,0,中新网,新型电力系统
20250106,微网,0,中新网,新型电力系统
20250106,新型电力系统,0,中新网,新型电力系统
20250106,储能,0,中新网,新型电力系统
20250106,CCHP,0,中新网,新型电力系统
20250106,燃料电池,0,中新网,新型电力系统
20250106,能源物联网,0,中新网,新型电力系统
20250106,能源大数据,0,中新网,新型电力系统
20250106,电力交易,0,中新网,新型电力系统
20250106,能效,0,中新网,新型电力系统
20250106,节能,0,中新网,新型电力系统
20250106,区块链,0,中新网,新型电力系统
20250106,虚拟电厂,0,中新网,新型电力系统
20250106,能量路由器,0,中新网,新型电力系统
20250106,多能流,0,中新网,新型电力系统
20250106,需求侧,0,中新网,新型电力系统
20250106,抽水蓄能,0,中新网,新型电力系统
20250106,电化学储能,0,中新网,新型电力系统
20250123,新闻数量,1,中新网,新型电力系统
20250123,多能互补,0,中新网,新型电力系统
20250123,碳中和,0,中新网,新型电力系统
20250123,碳达峰,0,中新网,新型电力系统
20250123,柔性输电,0,中新网,新型电力系统
20250123,综合能源,0,中新网,新型电力系统
20250123,氢能,0,中新网,新型电力系统
20250123,电动汽车,0,中新网,新型电力系统
20250123,分布式交易,0,中新网,新型电力系统
20250123,微网,0,中新网,新型电力系统
20250123,新型电力系统,0,中新网,新型电力系统
20250123,储能,1,中新网,新型电力系统
20250123,CCHP,0,中新网,新型电力系统
20250123,燃料电池,0,中新网,新型电力系统
20250123,能源物联网,0,中新网,新型电力系统
20250123,能源大数据,0,中新网,新型电力系统
20250123,电力交易,0,中新网,新型电力系统
20250123,能效,0,中新网,新型电力系统
20250123,节能,0,中新网,新型电力系统
20250123,区块链,0,中新网,新型电力系统
20250123,虚拟电厂,0,中新网,新型电力系统
20250123,能量路由器,0,中新网,新型电力系统
20250123,多能流,0,中新网,新型电力系统
20250123,需求侧,0,中新网,新型电力系统
20250123,抽水蓄能,0,中新网,新型电力系统
20250123,电化学储能,0,中新网,新型电力系统
20250219,新闻数量,2,中新网,新型电力系统
20250219,多能互补,0,中新网,新型电力系统
20250219,碳中和,0,中新网,新型电力系统
20250219,碳达峰,0,中新网,新型电力系统
20250219,柔性输电,0,中新网,新型电力系统
20250219,综合能源,1,中新网,新型电力系统
20250219,氢能,0,中新网,新型电力系统
20250219,电动汽车,0,中新网,新型电力系统
20250219,分布式交易,0,中新网,新型电力系统
20250219,微网,0,中新网,新型电力系统
20250219,新型电力系统,0,中新网,新型电力系统
20250219,储能,1,中新网,新型电力系统
20250219,CCHP,0,中新网,新型电力系统
20250219,燃料电池,0,中新网,新型电力系统
20250219,能源物联网,0,中新网,新型电力系统
20250219,能源大数据,0,中新网,新型电力系统
20250219,电力交易,0,中新网,新型电力系统
20250219,能效,0,中新网,新型电力系统
20250219,节能,1,中新网,新型电力系统
20250219,区块链,1,中新网,新型电力系统
20250219,虚拟电厂,0,中新网,新型电力系统
20250219,能量路由器,0,中新网,新型电力系统
20250219,多能流,0,中新网,新型电力系统
20250219,需求侧,0,中新网,新型电力系统
20250219,抽水蓄能,0,中新网,新型电力系统
20250219,电化学储能,0,中新网,新型电力系统
20250222,新闻数量,1,中新网,新型电力系统
20250222,多能互补,0,中新网,新型电力系统
20250222,碳中和,0,中新网,新型电力系统
20250222,碳达峰,0,中新网,新型电力系统
20250222,柔性输电,0,中新网,新型电力系统
20250222,综合能源,0,中新网,新型电力系统
20250222,氢能,0,中新网,新型电力系统
20250222,电动汽车,0,中新网,新型电力系统
20250222,分布式交易,0,中新网,新型电力系统
20250222,微网,0,中新网,新型电力系统
20250222,新型电力系统,0,中新网,新型电力系统
20250222,储能,0,中新网,新型电力系统
20250222,CCHP,0,中新网,新型电力系统
20250222,燃料电池,0,中新网,新型电力系统
20250222,能源物联网,0,中新网,新型电力系统
20250222,能源大数据,0,中新网,新型电力系统
20250222,电力交易,0,中新网,新型电力系统
20250222,能效,0,中新网,新型电力系统
20250222,节能,0,中新网,新型电力系统
20250222,区块链,0,中新网,新型电力系统
20250222,虚拟电厂,0,中新网,新型电力系统
20250222,能量路由器,0,中新网,新型电力系统
20250222,多能流,0,中新网,新型电力系统
20250222,需求侧,0,中新网,新型电力系统
20250222,抽水蓄能,5,中新网,新型电力系统
20250222,电化学储能,0,中新网,新型电力系统
20250308,新闻数量,1,中新网,新型电力系统
20250308,多能互补,0,中新网,新型电力系统
20250308,碳中和,0,中新网,新型电力系统
20250308,碳达峰,0,中新网,新型电力系统
20250308,柔性输电,0,中新网,新型电力系统
20250308,综合能源,0,中新网,新型电力系统
20250308,氢能,0,中新网,新型电力系统
20250308,电动汽车,0,中新网,新型电力系统
20250308,分布式交易,0,中新网,新型电力系统
20250308,微网,0,中新网,新型电力系统
20250308,新型电力系统,0,中新网,新型电力系统
20250308,储能,0,中新网,新型电力系统
20250308,CCHP,0,中新网,新型电力系统
20250308,燃料电池,0,中新网,新型电力系统
20250308,能源物联网,0,中新网,新型电力系统
20250308,能源大数据,0,中新网,新型电力系统
20250308,电力交易,0,中新网,新型电力系统
20250308,能效,0,中新网,新型电力系统
20250308,节能,0,中新网,新型电力系统
20250308,区块链,0,中新网,新型电力系统
20250308,虚拟电厂,0,中新网,新型电力系统
20250308,能量路由器,0,中新网,新型电力系统
20250308,多能流,0,中新网,新型电力系统
20250308,需求侧,0,中新网,新型电力系统
20250308,抽水蓄能,0,中新网,新型电力系统
20250308,电化学储能,0,中新网,新型电力系统
20250314,新闻数量,1,中新网,新型电力系统
20250314,多能互补,1,中新网,新型电力系统
20250314,碳中和,1,中新网,新型电力系统
20250314,碳达峰,1,中新网,新型电力系统
20250314,柔性输电,0,中新网,新型电力系统
20250314,综合能源,0,中新网,新型电力系统
20250314,氢能,0,中新网,新型电力系统
20250314,电动汽车,0,中新网,新型电力系统
20250314,分布式交易,0,中新网,新型电力系统
20250314,微网,0,中新网,新型电力系统
20250314,新型电力系统,0,中新网,新型电力系统
20250314,储能,2,中新网,新型电力系统
20250314,CCHP,0,中新网,新型电力系统
20250314,燃料电池,0,中新网,新型电力系统
20250314,能源物联网,0,中新网,新型电力系统
20250314,能源大数据,0,中新网,新型电力系统
20250314,电力交易,0,中新网,新型电力系统
20250314,能效,0,中新网,新型电力系统
20250314,节能,1,中新网,新型电力系统
20250314,区块链,0,中新网,新型电力系统
20250314,虚拟电厂,2,中新网,新型电力系统
20250314,能量路由器,0,中新网,新型电力系统
20250314,多能流,0,中新网,新型电力系统
20250314,需求侧,0,中新网,新型电力系统
20250314,抽水蓄能,0,中新网,新型电力系统
20250314,电化学储能,0,中新网,新型电力系统
20250327,新闻数量,1,中新网,新型电力系统
20250327,多能互补,0,中新网,新型电力系统
20250327,碳中和,0,中新网,新型电力系统
20250327,碳达峰,0,中新网,新型电力系统
20250327,柔性输电,0,中新网,新型电力系统
20250327,综合能源,0,中新网,新型电力系统
20250327,氢能,0,中新网,新型电力系统
20250327,电动汽车,0,中新网,新型电力系统
20250327,分布式交易,0,中新网,新型电力系统
20250327,微网,0,中新网,新型电力系统
20250327,新型电力系统,0,中新网,新型电力系统
20250327,储能,0,中新网,新型电力系统
20250327,CCHP,0,中新网,新型电力系统
20250327,燃料电池,0,中新网,新型电力系统
20250327,能源物联网,0,中新网,新型电力系统
20250327,能源大数据,0,中新网,新型电力系统
20250327,电力交易,0,中新网,新型电力系统
20250327,能效,0,中新网,新型电力系统
20250327,节能,0,中新网,新型电力系统
20250327,区块链,0,中新网,新型电力系统
20250327,虚拟电厂,0,中新网,新型电力系统
20250327,能量路由器,0,中新网,新型电力系统
20250327,多能流,0,中新网,新型电力系统
20250327,需求侧,0,中新网,新型电力系统
20250327,抽水蓄能,0,中新网,新型电力系统
20250327,电化学储能,0,中新网,新型电力系统
20250329,新闻数量,1,中新网,新型电力系统
20250329,多能互补,0,中新网,新型电力系统
20250329,碳中和,0,中新网,新型电力系统
20250329,碳达峰,0,中新网,新型电力系统
20250329,柔性输电,0,中新网,新型电力系统
20250329,综合能源,0,中新网,新型电力系统
20250329,氢能,0,中新网,新型电力系统
20250329,电动汽车,0,中新网,新型电力系统
20250329,分布式交易,0,中新网,新型电力系统
20250329,微网,0,中新网,新型电力系统
20250329,新型电力系统,0,中新网,新型电力系统
20250329,储能,2,中新网,新型电力系统
20250329,CCHP,0,中新网,新型电力系统
20250329,燃料电池,0,中新网,新型电力系统
20250329,能源物联网,0,中新网,新型电力系统
20250329,能源大数据,0,中新网,新型电力系统
20250329,电力交易,0,中新网,新型电力系统
20250329,能效,0,中新网,新型电力系统
20250329,节能,0,中新网,新型电力系统
20250329,区块链,0,中新网,新型电力系统
20250329,虚拟电厂,0,中新网,新型电力系统
20250329,能量路由器,0,中新网,新型电力系统
20250329,多能流,0,中新网,新型电力系统
20250329,需求侧,0,中新网,新型电力系统
20250329,抽水蓄能,0,中新网,新型电力系统
20250329,电化学储能,0,中新网,新型电力系统
20250331,新闻数量,1,中新网,新型电力系统
20250331,多能互补,0,中新网,新型电力系统
20250331,碳中和,0,中新网,新型电力系统
20250331,碳达峰,0,中新网,新型电力系统
20250331,柔性输电,0,中新网,新型电力系统
20250331,综合能源,0,中新网,新型电力系统
20250331,氢能,0,中新网,新型电力系统
20250331,电动汽车,11,中新网,新型电力系统
20250331,分布式交易,0,中新网,新型电力系统
20250331,微网,0,中新网,新型电力系统
20250331,新型电力系统,0,中新网,新型电力系统
20250331,储能,0,中新网,新型电力系统
20250331,CCHP,0,中新网,新型电力系统
20250331,燃料电池,0,中新网,新型电力系统
20250331,能源物联网,0,中新网,新型电力系统
20250331,能源大数据,0,中新网,新型电力系统
20250331,电力交易,0,中新网,新型电力系统
20250331,能效,0,中新网,新型电力系统
20250331,节能,0,中新网,新型电力系统
20250331,区块链,0,中新网,新型电力系统
20250331,虚拟电厂,0,中新网,新型电力系统
20250331,能量路由器,0,中新网,新型电力系统
20250331,多能流,0,中新网,新型电力系统
20250331,需求侧,0,中新网,新型电力系统
20250331,抽水蓄能,0,中新网,新型电力系统
20250331,电化学储能,0,中新网,新型电力系统
20250414,新闻数量,1,中新网,新型电力系统
20250414,多能互补,0,中新网,新型电力系统
20250414,碳中和,0,中新网,新型电力系统
20250414,碳达峰,0,中新网,新型电力系统
20250414,柔性输电,0,中新网,新型电力系统
20250414,综合能源,1,中新网,新型电力系统
20250414,氢能,0,中新网,新型电力系统
20250414,电动汽车,0,中新网,新型电力系统
20250414,分布式交易,0,中新网,新型电力系统
20250414,微网,0,中新网,新型电力系统
20250414,新型电力系统,1,中新网,新型电力系统
20250414,储能,3,中新网,新型电力系统
20250414,CCHP,0,中新网,新型电力系统
20250414,燃料电池,0,中新网,新型电力系统
20250414,能源物联网,0,中新网,新型电力系统
20250414,能源大数据,0,中新网,新型电力系统
20250414,电力交易,1,中新网,新型电力系统
20250414,能效,0,中新网,新型电力系统
20250414,节能,3,中新网,新型电力系统
20250414,区块链,0,中新网,新型电力系统
20250414,虚拟电厂,31,中新网,新型电力系统
20250414,能量路由器,0,中新网,新型电力系统
20250414,多能流,0,中新网,新型电力系统
20250414,需求侧,2,中新网,新型电力系统
20250414,抽水蓄能,0,中新网,新型电力系统
20250414,电化学储能,0,中新网,新型电力系统
20250416,新闻数量,1,中新网,新型电力系统
20250416,多能互补,0,中新网,新型电力系统
20250416,碳中和,0,中新网,新型电力系统
20250416,碳达峰,0,中新网,新型电力系统
20250416,柔性输电,0,中新网,新型电力系统
20250416,综合能源,0,中新网,新型电力系统
20250416,氢能,0,中新网,新型电力系统
20250416,电动汽车,0,中新网,新型电力系统
20250416,分布式交易,0,中新网,新型电力系统
20250416,微网,0,中新网,新型电力系统
20250416,新型电力系统,0,中新网,新型电力系统
20250416,储能,0,中新网,新型电力系统
20250416,CCHP,0,中新网,新型电力系统
20250416,燃料电池,0,中新网,新型电力系统
20250416,能源物联网,0,中新网,新型电力系统
20250416,能源大数据,0,中新网,新型电力系统
20250416,电力交易,0,中新网,新型电力系统
20250416,能效,0,中新网,新型电力系统
20250416,节能,0,中新网,新型电力系统
20250416,区块链,0,中新网,新型电力系统
20250416,虚拟电厂,0,中新网,新型电力系统
20250416,能量路由器,0,中新网,新型电力系统
20250416,多能流,0,中新网,新型电力系统
20250416,需求侧,0,中新网,新型电力系统
20250416,抽水蓄能,0,中新网,新型电力系统
20250416,电化学储能,0,中新网,新型电力系统
20250418,新闻数量,1,中新网,新型电力系统
20250418,多能互补,0,中新网,新型电力系统
20250418,碳中和,0,中新网,新型电力系统
20250418,碳达峰,0,中新网,新型电力系统
20250418,柔性输电,0,中新网,新型电力系统
20250418,综合能源,0,中新网,新型电力系统
20250418,氢能,0,中新网,新型电力系统
20250418,电动汽车,1,中新网,新型电力系统
20250418,分布式交易,0,中新网,新型电力系统
20250418,微网,0,中新网,新型电力系统
20250418,新型电力系统,0,中新网,新型电力系统
20250418,储能,0,中新网,新型电力系统
20250418,CCHP,0,中新网,新型电力系统
20250418,燃料电池,0,中新网,新型电力系统
20250418,能源物联网,0,中新网,新型电力系统
20250418,能源大数据,0,中新网,新型电力系统
20250418,电力交易,0,中新网,新型电力系统
20250418,能效,0,中新网,新型电力系统
20250418,节能,4,中新网,新型电力系统
20250418,区块链,0,中新网,新型电力系统
20250418,虚拟电厂,0,中新网,新型电力系统
20250418,能量路由器,0,中新网,新型电力系统
20250418,多能流,0,中新网,新型电力系统
20250418,需求侧,0,中新网,新型电力系统
20250418,抽水蓄能,0,中新网,新型电力系统
20250418,电化学储能,0,中新网,新型电力系统
20250510,新闻数量,3,中新网,新型电力系统
20250510,多能互补,0,中新网,新型电力系统
20250510,碳中和,0,中新网,新型电力系统
20250510,碳达峰,1,中新网,新型电力系统
20250510,柔性输电,0,中新网,新型电力系统
20250510,综合能源,0,中新网,新型电力系统
20250510,氢能,0,中新网,新型电力系统
20250510,电动汽车,0,中新网,新型电力系统
20250510,分布式交易,0,中新网,新型电力系统
20250510,微网,0,中新网,新型电力系统
20250510,新型电力系统,3,中新网,新型电力系统
20250510,储能,1,中新网,新型电力系统
20250510,CCHP,0,中新网,新型电力系统
20250510,燃料电池,0,中新网,新型电力系统
20250510,能源物联网,0,中新网,新型电力系统
20250510,能源大数据,0,中新网,新型电力系统
20250510,电力交易,0,中新网,新型电力系统
20250510,能效,0,中新网,新型电力系统
20250510,节能,0,中新网,新型电力系统
20250510,区块链,0,中新网,新型电力系统
20250510,虚拟电厂,1,中新网,新型电力系统
20250510,能量路由器,0,中新网,新型电力系统
20250510,多能流,0,中新网,新型电力系统
20250510,需求侧,0,中新网,新型电力系统
20250510,抽水蓄能,0,中新网,新型电力系统
20250510,电化学储能,0,中新网,新型电力系统
20250522,新闻数量,1,中新网,新型电力系统
20250522,多能互补,1,中新网,新型电力系统
20250522,碳中和,0,中新网,新型电力系统
20250522,碳达峰,0,中新网,新型电力系统
20250522,柔性输电,0,中新网,新型电力系统
20250522,综合能源,0,中新网,新型电力系统
20250522,氢能,2,中新网,新型电力系统
20250522,电动汽车,0,中新网,新型电力系统
20250522,分布式交易,0,中新网,新型电力系统
20250522,微网,0,中新网,新型电力系统
20250522,新型电力系统,0,中新网,新型电力系统
20250522,储能,2,中新网,新型电力系统
20250522,CCHP,0,中新网,新型电力系统
20250522,燃料电池,0,中新网,新型电力系统
20250522,能源物联网,0,中新网,新型电力系统
20250522,能源大数据,1,中新网,新型电力系统
20250522,电力交易,0,中新网,新型电力系统
20250522,能效,0,中新网,新型电力系统
20250522,节能,3,中新网,新型电力系统
20250522,区块链,0,中新网,新型电力系统
20250522,虚拟电厂,1,中新网,新型电力系统
20250522,能量路由器,0,中新网,新型电力系统
20250522,多能流,0,中新网,新型电力系统
20250522,需求侧,0,中新网,新型电力系统
20250522,抽水蓄能,0,中新网,新型电力系统
20250522,电化学储能,0,中新网,新型电力系统
20250528,新闻数量,1,中新网,新型电力系统
20250528,多能互补,0,中新网,新型电力系统
20250528,碳中和,0,中新网,新型电力系统
20250528,碳达峰,0,中新网,新型电力系统
20250528,柔性输电,0,中新网,新型电力系统
20250528,综合能源,0,中新网,新型电力系统
20250528,氢能,8,中新网,新型电力系统
20250528,电动汽车,0,中新网,新型电力系统
20250528,分布式交易,0,中新网,新型电力系统
20250528,微网,0,中新网,新型电力系统
20250528,新型电力系统,0,中新网,新型电力系统
20250528,储能,0,中新网,新型电力系统
20250528,CCHP,0,中新网,新型电力系统
20250528,燃料电池,0,中新网,新型电力系统
20250528,能源物联网,0,中新网,新型电力系统
20250528,能源大数据,0,中新网,新型电力系统
20250528,电力交易,0,中新网,新型电力系统
20250528,能效,0,中新网,新型电力系统
20250528,节能,0,中新网,新型电力系统
20250528,区块链,0,中新网,新型电力系统
20250528,虚拟电厂,0,中新网,新型电力系统
20250528,能量路由器,0,中新网,新型电力系统
20250528,多能流,0,中新网,新型电力系统
20250528,需求侧,0,中新网,新型电力系统
20250528,抽水蓄能,0,中新网,新型电力系统
20250528,电化学储能,0,中新网,新型电力系统
20250604,新闻数量,1,中新网,新型电力系统
20250604,多能互补,0,中新网,新型电力系统
20250604,碳中和,0,中新网,新型电力系统
20250604,碳达峰,0,中新网,新型电力系统
20250604,柔性输电,0,中新网,新型电力系统
20250604,综合能源,0,中新网,新型电力系统
20250604,氢能,0,中新网,新型电力系统
20250604,电动汽车,0,中新网,新型电力系统
20250604,分布式交易,0,中新网,新型电力系统
20250604,微网,0,中新网,新型电力系统
20250604,新型电力系统,0,中新网,新型电力系统
20250604,储能,0,中新网,新型电力系统
20250604,CCHP,0,中新网,新型电力系统
20250604,燃料电池,0,中新网,新型电力系统
20250604,能源物联网,0,中新网,新型电力系统
20250604,能源大数据,0,中新网,新型电力系统
20250604,电力交易,0,中新网,新型电力系统
20250604,能效,4,中新网,新型电力系统
20250604,节能,0,中新网,新型电力系统
20250604,区块链,0,中新网,新型电力系统
20250604,虚拟电厂,0,中新网,新型电力系统
20250604,能量路由器,0,中新网,新型电力系统
20250604,多能流,0,中新网,新型电力系统
20250604,需求侧,0,中新网,新型电力系统
20250604,抽水蓄能,0,中新网,新型电力系统
20250604,电化学储能,0,中新网,新型电力系统
20250616,新闻数量,1,中新网,新型电力系统
20250616,多能互补,0,中新网,新型电力系统
20250616,碳中和,0,中新网,新型电力系统
20250616,碳达峰,0,中新网,新型电力系统
20250616,柔性输电,0,中新网,新型电力系统
20250616,综合能源,0,中新网,新型电力系统
20250616,氢能,5,中新网,新型电力系统
20250616,电动汽车,0,中新网,新型电力系统
20250616,分布式交易,0,中新网,新型电力系统
20250616,微网,0,中新网,新型电力系统
20250616,新型电力系统,0,中新网,新型电力系统
20250616,储能,1,中新网,新型电力系统
20250616,CCHP,0,中新网,新型电力系统
20250616,燃料电池,0,中新网,新型电力系统
20250616,能源物联网,0,中新网,新型电力系统
20250616,能源大数据,0,中新网,新型电力系统
20250616,电力交易,0,中新网,新型电力系统
20250616,能效,1,中新网,新型电力系统
20250616,节能,0,中新网,新型电力系统
20250616,区块链,0,中新网,新型电力系统
20250616,虚拟电厂,0,中新网,新型电力系统
20250616,能量路由器,0,中新网,新型电力系统
20250616,多能流,0,中新网,新型电力系统
20250616,需求侧,0,中新网,新型电力系统
20250616,抽水蓄能,0,中新网,新型电力系统
20250616,电化学储能,0,中新网,新型电力系统
20250702,新闻数量,1,中新网,新型电力系统
20250702,多能互补,0,中新网,新型电力系统
20250702,碳中和,0,中新网,新型电力系统
20250702,碳达峰,0,中新网,新型电力系统
20250702,柔性输电,0,中新网,新型电力系统
20250702,综合能源,0,中新网,新型电力系统
20250702,氢能,0,中新网,新型电力系统
20250702,电动汽车,0,中新网,新型电力系统
20250702,分布式交易,0,中新网,新型电力系统
20250702,微网,0,中新网,新型电力系统
20250702,新型电力系统,0,中新网,新型电力系统
20250702,储能,0,中新网,新型电力系统
20250702,CCHP,0,中新网,新型电力系统
20250702,燃料电池,0,中新网,新型电力系统
20250702,能源物联网,0,中新网,新型电力系统
20250702,能源大数据,0,中新网,新型电力系统
20250702,电力交易,0,中新网,新型电力系统
20250702,能效,0,中新网,新型电力系统
20250702,节能,0,中新网,新型电力系统
20250702,区块链,0,中新网,新型电力系统
20250702,虚拟电厂,0,中新网,新型电力系统
20250702,能量路由器,0,中新网,新型电力系统
20250702,多能流,0,中新网,新型电力系统
20250702,需求侧,0,中新网,新型电力系统
20250702,抽水蓄能,0,中新网,新型电力系统
20250702,电化学储能,0,中新网,新型电力系统
20250705,新闻数量,2,中新网,新型电力系统
20250705,多能互补,0,中新网,新型电力系统
20250705,碳中和,3,中新网,新型电力系统
20250705,碳达峰,0,中新网,新型电力系统
20250705,柔性输电,0,中新网,新型电力系统
20250705,综合能源,0,中新网,新型电力系统
20250705,氢能,0,中新网,新型电力系统
20250705,电动汽车,0,中新网,新型电力系统
20250705,分布式交易,0,中新网,新型电力系统
20250705,微网,0,中新网,新型电力系统
20250705,新型电力系统,8,中新网,新型电力系统
20250705,储能,20,中新网,新型电力系统
20250705,CCHP,0,中新网,新型电力系统
20250705,燃料电池,0,中新网,新型电力系统
20250705,能源物联网,0,中新网,新型电力系统
20250705,能源大数据,0,中新网,新型电力系统
20250705,电力交易,0,中新网,新型电力系统
20250705,能效,0,中新网,新型电力系统
20250705,节能,2,中新网,新型电力系统
20250705,区块链,0,中新网,新型电力系统
20250705,虚拟电厂,0,中新网,新型电力系统
20250705,能量路由器,0,中新网,新型电力系统
20250705,多能流,0,中新网,新型电力系统
20250705,需求侧,1,中新网,新型电力系统
20250705,抽水蓄能,1,中新网,新型电力系统
20250705,电化学储能,0,中新网,新型电力系统
20250707,新闻数量,1,中新网,新型电力系统
20250707,多能互补,0,中新网,新型电力系统
20250707,碳中和,0,中新网,新型电力系统
20250707,碳达峰,0,中新网,新型电力系统
20250707,柔性输电,0,中新网,新型电力系统
20250707,综合能源,0,中新网,新型电力系统
20250707,氢能,0,中新网,新型电力系统
20250707,电动汽车,0,中新网,新型电力系统
20250707,分布式交易,0,中新网,新型电力系统
20250707,微网,0,中新网,新型电力系统
20250707,新型电力系统,0,中新网,新型电力系统
20250707,储能,0,中新网,新型电力系统
20250707,CCHP,0,中新网,新型电力系统
20250707,燃料电池,0,中新网,新型电力系统
20250707,能源物联网,0,中新网,新型电力系统
20250707,能源大数据,0,中新网,新型电力系统
20250707,电力交易,0,中新网,新型电力系统
20250707,能效,0,中新网,新型电力系统
20250707,节能,0,中新网,新型电力系统
20250707,区块链,0,中新网,新型电力系统
20250707,虚拟电厂,0,中新网,新型电力系统
20250707,能量路由器,0,中新网,新型电力系统
20250707,多能流,0,中新网,新型电力系统
20250707,需求侧,0,中新网,新型电力系统
20250707,抽水蓄能,0,中新网,新型电力系统
20250707,电化学储能,0,中新网,新型电力系统
20250718,新闻数量,1,中新网,新型电力系统
20250718,多能互补,0,中新网,新型电力系统
20250718,碳中和,0,中新网,新型电力系统
20250718,碳达峰,0,中新网,新型电力系统
20250718,柔性输电,0,中新网,新型电力系统
20250718,综合能源,0,中新网,新型电力系统
20250718,氢能,0,中新网,新型电力系统
20250718,电动汽车,0,中新网,新型电力系统
20250718,分布式交易,0,中新网,新型电力系统
20250718,微网,0,中新网,新型电力系统
20250718,新型电力系统,0,中新网,新型电力系统
20250718,储能,0,中新网,新型电力系统
20250718,CCHP,0,中新网,新型电力系统
20250718,燃料电池,0,中新网,新型电力系统
20250718,能源物联网,0,中新网,新型电力系统
20250718,能源大数据,0,中新网,新型电力系统
20250718,电力交易,0,中新网,新型电力系统
20250718,能效,0,中新网,新型电力系统
20250718,节能,0,中新网,新型电力系统
20250718,区块链,0,中新网,新型电力系统
20250718,虚拟电厂,0,中新网,新型电力系统
20250718,能量路由器,0,中新网,新型电力系统
20250718,多能流,0,中新网,新型电力系统
20250718,需求侧,0,中新网,新型电力系统
20250718,抽水蓄能,0,中新网,新型电力系统
20250718,电化学储能,0,中新网,新型电力系统
20250722,新闻数量,1,中新网,新型电力系统
20250722,多能互补,0,中新网,新型电力系统
20250722,碳中和,0,中新网,新型电力系统
20250722,碳达峰,0,中新网,新型电力系统
20250722,柔性输电,0,中新网,新型电力系统
20250722,综合能源,0,中新网,新型电力系统
20250722,氢能,0,中新网,新型电力系统
20250722,电动汽车,0,中新网,新型电力系统
20250722,分布式交易,0,中新网,新型电力系统
20250722,微网,0,中新网,新型电力系统
20250722,新型电力系统,0,中新网,新型电力系统
20250722,储能,1,中新网,新型电力系统
20250722,CCHP,0,中新网,新型电力系统
20250722,燃料电池,0,中新网,新型电力系统
20250722,能源物联网,0,中新网,新型电力系统
20250722,能源大数据,0,中新网,新型电力系统
20250722,电力交易,0,中新网,新型电力系统
20250722,能效,0,中新网,新型电力系统
20250722,节能,0,中新网,新型电力系统
20250722,区块链,0,中新网,新型电力系统
20250722,虚拟电厂,0,中新网,新型电力系统
20250722,能量路由器,0,中新网,新型电力系统
20250722,多能流,0,中新网,新型电力系统
20250722,需求侧,0,中新网,新型电力系统
20250722,抽水蓄能,0,中新网,新型电力系统
20250722,电化学储能,0,中新网,新型电力系统
20250723,新闻数量,1,中新网,新型电力系统
20250723,多能互补,0,中新网,新型电力系统
20250723,碳中和,0,中新网,新型电力系统
20250723,碳达峰,0,中新网,新型电力系统
20250723,柔性输电,0,中新网,新型电力系统
20250723,综合能源,0,中新网,新型电力系统
20250723,氢能,0,中新网,新型电力系统
20250723,电动汽车,1,中新网,新型电力系统
20250723,分布式交易,0,中新网,新型电力系统
20250723,微网,0,中新网,新型电力系统
20250723,新型电力系统,0,中新网,新型电力系统
20250723,储能,0,中新网,新型电力系统
20250723,CCHP,0,中新网,新型电力系统
20250723,燃料电池,0,中新网,新型电力系统
20250723,能源物联网,0,中新网,新型电力系统
20250723,能源大数据,0,中新网,新型电力系统
20250723,电力交易,0,中新网,新型电力系统
20250723,能效,0,中新网,新型电力系统
20250723,节能,0,中新网,新型电力系统
20250723,区块链,0,中新网,新型电力系统
20250723,虚拟电厂,0,中新网,新型电力系统
20250723,能量路由器,0,中新网,新型电力系统
20250723,多能流,0,中新网,新型电力系统
20250723,需求侧,0,中新网,新型电力系统
20250723,抽水蓄能,0,中新网,新型电力系统
20250723,电化学储能,0,中新网,新型电力系统
20250727,新闻数量,2,中新网,新型电力系统
20250727,多能互补,0,中新网,新型电力系统
20250727,碳中和,0,中新网,新型电力系统
20250727,碳达峰,0,中新网,新型电力系统
20250727,柔性输电,0,中新网,新型电力系统
20250727,综合能源,0,中新网,新型电力系统
20250727,氢能,0,中新网,新型电力系统
20250727,电动汽车,0,中新网,新型电力系统
20250727,分布式交易,0,中新网,新型电力系统
20250727,微网,0,中新网,新型电力系统
20250727,新型电力系统,0,中新网,新型电力系统
20250727,储能,0,中新网,新型电力系统
20250727,CCHP,0,中新网,新型电力系统
20250727,燃料电池,0,中新网,新型电力系统
20250727,能源物联网,0,中新网,新型电力系统
20250727,能源大数据,0,中新网,新型电力系统
20250727,电力交易,0,中新网,新型电力系统
20250727,能效,0,中新网,新型电力系统
20250727,节能,0,中新网,新型电力系统
20250727,区块链,0,中新网,新型电力系统
20250727,虚拟电厂,0,中新网,新型电力系统
20250727,能量路由器,0,中新网,新型电力系统
20250727,多能流,0,中新网,新型电力系统
20250727,需求侧,0,中新网,新型电力系统
20250727,抽水蓄能,0,中新网,新型电力系统
20250727,电化学储能,0,中新网,新型电力系统
20250730,新闻数量,1,中新网,新型电力系统
20250730,多能互补,0,中新网,新型电力系统
20250730,碳中和,0,中新网,新型电力系统
20250730,碳达峰,0,中新网,新型电力系统
20250730,柔性输电,0,中新网,新型电力系统
20250730,综合能源,0,中新网,新型电力系统
20250730,氢能,0,中新网,新型电力系统
20250730,电动汽车,0,中新网,新型电力系统
20250730,分布式交易,0,中新网,新型电力系统
20250730,微网,0,中新网,新型电力系统
20250730,新型电力系统,0,中新网,新型电力系统
20250730,储能,0,中新网,新型电力系统
20250730,CCHP,0,中新网,新型电力系统
20250730,燃料电池,0,中新网,新型电力系统
20250730,能源物联网,0,中新网,新型电力系统
20250730,能源大数据,0,中新网,新型电力系统
20250730,电力交易,0,中新网,新型电力系统
20250730,能效,0,中新网,新型电力系统
20250730,节能,0,中新网,新型电力系统
20250730,区块链,0,中新网,新型电力系统
20250730,虚拟电厂,0,中新网,新型电力系统
20250730,能量路由器,0,中新网,新型电力系统
20250730,多能流,0,中新网,新型电力系统
20250730,需求侧,0,中新网,新型电力系统
20250730,抽水蓄能,0,中新网,新型电力系统
20250730,电化学储能,0,中新网,新型电力系统
20250909,新闻数量,3,中新网,新型电力系统
20250909,多能互补,0,中新网,新型电力系统
20250909,碳中和,0,中新网,新型电力系统
20250909,碳达峰,0,中新网,新型电力系统
20250909,柔性输电,0,中新网,新型电力系统
20250909,综合能源,0,中新网,新型电力系统
20250909,氢能,2,中新网,新型电力系统
20250909,电动汽车,0,中新网,新型电力系统
20250909,分布式交易,0,中新网,新型电力系统
20250909,微网,0,中新网,新型电力系统
20250909,新型电力系统,0,中新网,新型电力系统
20250909,储能,5,中新网,新型电力系统
20250909,CCHP,0,中新网,新型电力系统
20250909,燃料电池,0,中新网,新型电力系统
20250909,能源物联网,0,中新网,新型电力系统
20250909,能源大数据,0,中新网,新型电力系统
20250909,电力交易,0,中新网,新型电力系统
20250909,能效,0,中新网,新型电力系统
20250909,节能,0,中新网,新型电力系统
20250909,区块链,0,中新网,新型电力系统
20250909,虚拟电厂,0,中新网,新型电力系统
20250909,能量路由器,0,中新网,新型电力系统
20250909,多能流,0,中新网,新型电力系统
20250909,需求侧,0,中新网,新型电力系统
20250909,抽水蓄能,0,中新网,新型电力系统
20250909,电化学储能,1,中新网,新型电力系统
20250910,新闻数量,1,中新网,新型电力系统
20250910,多能互补,0,中新网,新型电力系统
20250910,碳中和,0,中新网,新型电力系统
20250910,碳达峰,0,中新网,新型电力系统
20250910,柔性输电,0,中新网,新型电力系统
20250910,综合能源,0,中新网,新型电力系统
20250910,氢能,0,中新网,新型电力系统
20250910,电动汽车,0,中新网,新型电力系统
20250910,分布式交易,0,中新网,新型电力系统
20250910,微网,0,中新网,新型电力系统
20250910,新型电力系统,3,中新网,新型电力系统
20250910,储能,1,中新网,新型电力系统
20250910,CCHP,0,中新网,新型电力系统
20250910,燃料电池,0,中新网,新型电力系统
20250910,能源物联网,0,中新网,新型电力系统
20250910,能源大数据,0,中新网,新型电力系统
20250910,电力交易,0,中新网,新型电力系统
20250910,能效,0,中新网,新型电力系统
20250910,节能,0,中新网,新型电力系统
20250910,区块链,0,中新网,新型电力系统
20250910,虚拟电厂,0,中新网,新型电力系统
20250910,能量路由器,0,中新网,新型电力系统
20250910,多能流,0,中新网,新型电力系统
20250910,需求侧,0,中新网,新型电力系统
20250910,抽水蓄能,0,中新网,新型电力系统
20250910,电化学储能,0,中新网,新型电力系统
20250918,新闻数量,1,中新网,新型电力系统
20250918,多能互补,0,中新网,新型电力系统
20250918,碳中和,1,中新网,新型电力系统
20250918,碳达峰,0,中新网,新型电力系统
20250918,柔性输电,0,中新网,新型电力系统
20250918,综合能源,0,中新网,新型电力系统
20250918,氢能,1,中新网,新型电力系统
20250918,电动汽车,0,中新网,新型电力系统
20250918,分布式交易,0,中新网,新型电力系统
20250918,微网,1,中新网,新型电力系统
20250918,新型电力系统,1,中新网,新型电力系统
20250918,储能,2,中新网,新型电力系统
20250918,CCHP,0,中新网,新型电力系统
20250918,燃料电池,0,中新网,新型电力系统
20250918,能源物联网,0,中新网,新型电力系统
20250918,能源大数据,0,中新网,新型电力系统
20250918,电力交易,0,中新网,新型电力系统
20250918,能效,0,中新网,新型电力系统
20250918,节能,0,中新网,新型电力系统
20250918,区块链,0,中新网,新型电力系统
20250918,虚拟电厂,0,中新网,新型电力系统
20250918,能量路由器,0,中新网,新型电力系统
20250918,多能流,0,中新网,新型电力系统
20250918,需求侧,0,中新网,新型电力系统
20250918,抽水蓄能,0,中新网,新型电力系统
20250918,电化学储能,0,中新网,新型电力系统
20251006,新闻数量,1,中新网,新型电力系统
20251006,多能互补,0,中新网,新型电力系统
20251006,碳中和,0,中新网,新型电力系统
20251006,碳达峰,0,中新网,新型电力系统
20251006,柔性输电,0,中新网,新型电力系统
20251006,综合能源,0,中新网,新型电力系统
20251006,氢能,0,中新网,新型电力系统
20251006,电动汽车,0,中新网,新型电力系统
20251006,分布式交易,0,中新网,新型电力系统
20251006,微网,0,中新网,新型电力系统
20251006,新型电力系统,2,中新网,新型电力系统
20251006,储能,0,中新网,新型电力系统
20251006,CCHP,0,中新网,新型电力系统
20251006,燃料电池,0,中新网,新型电力系统
20251006,能源物联网,0,中新网,新型电力系统
20251006,能源大数据,0,中新网,新型电力系统
20251006,电力交易,0,中新网,新型电力系统
20251006,能效,0,中新网,新型电力系统
20251006,节能,0,中新网,新型电力系统
20251006,区块链,0,中新网,新型电力系统
20251006,虚拟电厂,0,中新网,新型电力系统
20251006,能量路由器,0,中新网,新型电力系统
20251006,多能流,0,中新网,新型电力系统
20251006,需求侧,0,中新网,新型电力系统
20251006,抽水蓄能,0,中新网,新型电力系统
20251006,电化学储能,0,中新网,新型电力系统
20251013,新闻数量,1,中新网,新型电力系统
20251013,多能互补,0,中新网,新型电力系统
20251013,碳中和,0,中新网,新型电力系统
20251013,碳达峰,0,中新网,新型电力系统
20251013,柔性输电,0,中新网,新型电力系统
20251013,综合能源,0,中新网,新型电力系统
20251013,氢能,0,中新网,新型电力系统
20251013,电动汽车,0,中新网,新型电力系统
20251013,分布式交易,0,中新网,新型电力系统
20251013,微网,0,中新网,新型电力系统
20251013,新型电力系统,0,中新网,新型电力系统
20251013,储能,0,中新网,新型电力系统
20251013,CCHP,0,中新网,新型电力系统
20251013,燃料电池,0,中新网,新型电力系统
20251013,能源物联网,0,中新网,新型电力系统
20251013,能源大数据,0,中新网,新型电力系统
20251013,电力交易,0,中新网,新型电力系统
20251013,能效,0,中新网,新型电力系统
20251013,节能,0,中新网,新型电力系统
20251013,区块链,0,中新网,新型电力系统
20251013,虚拟电厂,0,中新网,新型电力系统
20251013,能量路由器,0,中新网,新型电力系统
20251013,多能流,0,中新网,新型电力系统
20251013,需求侧,0,中新网,新型电力系统
20251013,抽水蓄能,0,中新网,新型电力系统
20251013,电化学储能,0,中新网,新型电力系统
20251023,新闻数量,1,中新网,新型电力系统
20251023,多能互补,0,中新网,新型电力系统
20251023,碳中和,0,中新网,新型电力系统
20251023,碳达峰,0,中新网,新型电力系统
20251023,柔性输电,0,中新网,新型电力系统
20251023,综合能源,0,中新网,新型电力系统
20251023,氢能,1,中新网,新型电力系统
20251023,电动汽车,0,中新网,新型电力系统
20251023,分布式交易,0,中新网,新型电力系统
20251023,微网,0,中新网,新型电力系统
20251023,新型电力系统,0,中新网,新型电力系统
20251023,储能,1,中新网,新型电力系统
20251023,CCHP,0,中新网,新型电力系统
20251023,燃料电池,0,中新网,新型电力系统
20251023,能源物联网,0,中新网,新型电力系统
20251023,能源大数据,0,中新网,新型电力系统
20251023,电力交易,0,中新网,新型电力系统
20251023,能效,0,中新网,新型电力系统
20251023,节能,0,中新网,新型电力系统
20251023,区块链,0,中新网,新型电力系统
20251023,虚拟电厂,0,中新网,新型电力系统
20251023,能量路由器,0,中新网,新型电力系统
20251023,多能流,0,中新网,新型电力系统
20251023,需求侧,0,中新网,新型电力系统
20251023,抽水蓄能,0,中新网,新型电力系统
20251023,电化学储能,0,中新网,新型电力系统
20251025,新闻数量,1,中新网,新型电力系统
20251025,多能互补,0,中新网,新型电力系统
20251025,碳中和,0,中新网,新型电力系统
20251025,碳达峰,0,中新网,新型电力系统
20251025,柔性输电,0,中新网,新型电力系统
20251025,综合能源,0,中新网,新型电力系统
20251025,氢能,0,中新网,新型电力系统
20251025,电动汽车,0,中新网,新型电力系统
20251025,分布式交易,0,中新网,新型电力系统
20251025,微网,0,中新网,新型电力系统
20251025,新型电力系统,1,中新网,新型电力系统
20251025,储能,1,中新网,新型电力系统
20251025,CCHP,0,中新网,新型电力系统
20251025,燃料电池,0,中新网,新型电力系统
20251025,能源物联网,0,中新网,新型电力系统
20251025,能源大数据,0,中新网,新型电力系统
20251025,电力交易,0,中新网,新型电力系统
20251025,能效,0,中新网,新型电力系统
20251025,节能,0,中新网,新型电力系统
20251025,区块链,0,中新网,新型电力系统
20251025,虚拟电厂,0,中新网,新型电力系统
20251025,能量路由器,0,中新网,新型电力系统
20251025,多能流,0,中新网,新型电力系统
20251025,需求侧,0,中新网,新型电力系统
20251025,抽水蓄能,0,中新网,新型电力系统
20251025,电化学储能,0,中新网,新型电力系统
20251121,新闻数量,1,中新网,新型电力系统
20251121,多能互补,0,中新网,新型电力系统
20251121,碳中和,0,中新网,新型电力系统
20251121,碳达峰,0,中新网,新型电力系统
20251121,柔性输电,0,中新网,新型电力系统
20251121,综合能源,1,中新网,新型电力系统
20251121,氢能,0,中新网,新型电力系统
20251121,电动汽车,0,中新网,新型电力系统
20251121,分布式交易,0,中新网,新型电力系统
20251121,微网,0,中新网,新型电力系统
20251121,新型电力系统,0,中新网,新型电力系统
20251121,储能,1,中新网,新型电力系统
20251121,CCHP,0,中新网,新型电力系统
20251121,燃料电池,0,中新网,新型电力系统
20251121,能源物联网,0,中新网,新型电力系统
20251121,能源大数据,0,中新网,新型电力系统
20251121,电力交易,0,中新网,新型电力系统
20251121,能效,0,中新网,新型电力系统
20251121,节能,2,中新网,新型电力系统
20251121,区块链,0,中新网,新型电力系统
20251121,虚拟电厂,0,中新网,新型电力系统
20251121,能量路由器,0,中新网,新型电力系统
20251121,多能流,0,中新网,新型电力系统
20251121,需求侧,0,中新网,新型电力系统
20251121,抽水蓄能,0,中新网,新型电力系统
20251121,电化学储能,0,中新网,新型电力系统
20251125,新闻数量,1,中新网,新型电力系统
20251125,多能互补,0,中新网,新型电力系统
20251125,碳中和,0,中新网,新型电力系统
20251125,碳达峰,0,中新网,新型电力系统
20251125,柔性输电,0,中新网,新型电力系统
20251125,综合能源,0,中新网,新型电力系统
20251125,氢能,0,中新网,新型电力系统
20251125,电动汽车,0,中新网,新型电力系统
20251125,分布式交易,0,中新网,新型电力系统
20251125,微网,0,中新网,新型电力系统
20251125,新型电力系统,0,中新网,新型电力系统
20251125,储能,0,中新网,新型电力系统
20251125,CCHP,0,中新网,新型电力系统
20251125,燃料电池,0,中新网,新型电力系统
20251125,能源物联网,0,中新网,新型电力系统
20251125,能源大数据,0,中新网,新型电力系统
20251125,电力交易,0,中新网,新型电力系统
20251125,能效,0,中新网,新型电力系统
20251125,节能,0,中新网,新型电力系统
20251125,区块链,0,中新网,新型电力系统
20251125,虚拟电厂,0,中新网,新型电力系统
20251125,能量路由器,0,中新网,新型电力系统
20251125,多能流,0,中新网,新型电力系统
20251125,需求侧,0,中新网,新型电力系统
20251125,抽水蓄能,0,中新网,新型电力系统
20251125,电化学储能,0,中新网,新型电力系统
