日期,关键词,当天出现总次数,网站,搜索词,月份
20250226,新闻数量,1,百度新闻,新型电力系统,202502
20250226,多能互补,0,百度新闻,新型电力系统,202502
20250226,碳中和,0,百度新闻,新型电力系统,202502
20250226,碳达峰,0,百度新闻,新型电力系统,202502
20250226,柔性输电,0,百度新闻,新型电力系统,202502
20250226,综合能源,0,百度新闻,新型电力系统,202502
20250226,氢能,0,百度新闻,新型电力系统,202502
20250226,电动汽车,0,百度新闻,新型电力系统,202502
20250226,分布式交易,0,百度新闻,新型电力系统,202502
20250226,微网,0,百度新闻,新型电力系统,202502
20250226,新型电力系统,8,百度新闻,新型电力系统,202502
20250226,储能,4,百度新闻,新型电力系统,202502
20250226,CCHP,0,百度新闻,新型电力系统,202502
20250226,燃料电池,0,百度新闻,新型电力系统,202502
20250226,能源物联网,0,百度新闻,新型电力系统,202502
20250226,能源大数据,0,百度新闻,新型电力系统,202502
20250226,电力交易,0,百度新闻,新型电力系统,202502
20250226,能效,0,百度新闻,新型电力系统,202502
20250226,节能,0,百度新闻,新型电力系统,202502
20250226,区块链,0,百度新闻,新型电力系统,202502
20250226,虚拟电厂,1,百度新闻,新型电力系统,202502
20250226,能量路由器,0,百度新闻,新型电力系统,202502
20250226,多能流,0,百度新闻,新型电力系统,202502
20250226,需求侧,0,百度新闻,新型电力系统,202502
20250226,抽水蓄能,0,百度新闻,新型电力系统,202502
20250226,电化学储能,0,百度新闻,新型电力系统,202502
20250530,新闻数量,1,百度新闻,新型电力系统,202505
20250530,多能互补,0,百度新闻,新型电力系统,202505
20250530,碳中和,0,百度新闻,新型电力系统,202505
20250530,碳达峰,0,百度新闻,新型电力系统,202505
20250530,柔性输电,0,百度新闻,新型电力系统,202505
20250530,综合能源,0,百度新闻,新型电力系统,202505
20250530,氢能,0,百度新闻,新型电力系统,202505
20250530,电动汽车,2,百度新闻,新型电力系统,202505
20250530,分布式交易,0,百度新闻,新型电力系统,202505
20250530,微网,0,百度新闻,新型电力系统,202505
20250530,新型电力系统,24,百度新闻,新型电力系统,202505
20250530,储能,7,百度新闻,新型电力系统,202505
20250530,CCHP,0,百度新闻,新型电力系统,202505
20250530,燃料电池,0,百度新闻,新型电力系统,202505
20250530,能源物联网,0,百度新闻,新型电力系统,202505
20250530,能源大数据,0,百度新闻,新型电力系统,202505
20250530,电力交易,3,百度新闻,新型电力系统,202505
20250530,能效,0,百度新闻,新型电力系统,202505
20250530,节能,2,百度新闻,新型电力系统,202505
20250530,区块链,0,百度新闻,新型电力系统,202505
20250530,虚拟电厂,9,百度新闻,新型电力系统,202505
20250530,能量路由器,0,百度新闻,新型电力系统,202505
20250530,多能流,0,百度新闻,新型电力系统,202505
20250530,需求侧,0,百度新闻,新型电力系统,202505
20250530,抽水蓄能,1,百度新闻,新型电力系统,202505
20250530,电化学储能,0,百度新闻,新型电力系统,202505
20251017,新闻数量,1,百度新闻,新型电力系统,202510
20251017,多能互补,0,百度新闻,新型电力系统,202510
20251017,碳中和,1,百度新闻,新型电力系统,202510
20251017,碳达峰,0,百度新闻,新型电力系统,202510
20251017,柔性输电,0,百度新闻,新型电力系统,202510
20251017,综合能源,0,百度新闻,新型电力系统,202510
20251017,氢能,1,百度新闻,新型电力系统,202510
20251017,电动汽车,4,百度新闻,新型电力系统,202510
20251017,分布式交易,0,百度新闻,新型电力系统,202510
20251017,微网,0,百度新闻,新型电力系统,202510
20251017,新型电力系统,22,百度新闻,新型电力系统,202510
20251017,储能,13,百度新闻,新型电力系统,202510
20251017,CCHP,0,百度新闻,新型电力系统,202510
20251017,燃料电池,0,百度新闻,新型电力系统,202510
20251017,能源物联网,0,百度新闻,新型电力系统,202510
20251017,能源大数据,0,百度新闻,新型电力系统,202510
20251017,电力交易,0,百度新闻,新型电力系统,202510
20251017,能效,0,百度新闻,新型电力系统,202510
20251017,节能,2,百度新闻,新型电力系统,202510
20251017,区块链,0,百度新闻,新型电力系统,202510
20251017,虚拟电厂,9,百度新闻,新型电力系统,202510
20251017,能量路由器,0,百度新闻,新型电力系统,202510
20251017,多能流,0,百度新闻,新型电力系统,202510
20251017,需求侧,5,百度新闻,新型电力系统,202510
20251017,抽水蓄能,2,百度新闻,新型电力系统,202510
20251017,电化学储能,0,百度新闻,新型电力系统,202510
20251027,新闻数量,1,百度新闻,新型电力系统,202510
20251027,多能互补,2,百度新闻,新型电力系统,202510
20251027,碳中和,0,百度新闻,新型电力系统,202510
20251027,碳达峰,0,百度新闻,新型电力系统,202510
20251027,柔性输电,0,百度新闻,新型电力系统,202510
20251027,综合能源,0,百度新闻,新型电力系统,202510
20251027,氢能,1,百度新闻,新型电力系统,202510
20251027,电动汽车,0,百度新闻,新型电力系统,202510
20251027,分布式交易,0,百度新闻,新型电力系统,202510
20251027,微网,0,百度新闻,新型电力系统,202510
20251027,新型电力系统,6,百度新闻,新型电力系统,202510
20251027,储能,2,百度新闻,新型电力系统,202510
20251027,CCHP,0,百度新闻,新型电力系统,202510
20251027,燃料电池,0,百度新闻,新型电力系统,202510
20251027,能源物联网,0,百度新闻,新型电力系统,202510
20251027,能源大数据,0,百度新闻,新型电力系统,202510
20251027,电力交易,0,百度新闻,新型电力系统,202510
20251027,能效,0,百度新闻,新型电力系统,202510
20251027,节能,0,百度新闻,新型电力系统,202510
20251027,区块链,0,百度新闻,新型电力系统,202510
20251027,虚拟电厂,1,百度新闻,新型电力系统,202510
20251027,能量路由器,0,百度新闻,新型电力系统,202510
20251027,多能流,0,百度新闻,新型电力系统,202510
20251027,需求侧,2,百度新闻,新型电力系统,202510
20251027,抽水蓄能,0,百度新闻,新型电力系统,202510
20251027,电化学储能,0,百度新闻,新型电力系统,202510
20251223,新闻数量,1,百度新闻,新型电力系统,202512
20251223,多能互补,0,百度新闻,新型电力系统,202512
20251223,碳中和,1,百度新闻,新型电力系统,202512
20251223,碳达峰,0,百度新闻,新型电力系统,202512
20251223,柔性输电,1,百度新闻,新型电力系统,202512
20251223,综合能源,0,百度新闻,新型电力系统,202512
20251223,氢能,1,百度新闻,新型电力系统,202512
20251223,电动汽车,3,百度新闻,新型电力系统,202512
20251223,分布式交易,0,百度新闻,新型电力系统,202512
20251223,微网,0,百度新闻,新型电力系统,202512
20251223,新型电力系统,53,百度新闻,新型电力系统,202512
20251223,储能,18,百度新闻,新型电力系统,202512
20251223,CCHP,0,百度新闻,新型电力系统,202512
20251223,燃料电池,0,百度新闻,新型电力系统,202512
20251223,能源物联网,0,百度新闻,新型电力系统,202512
20251223,能源大数据,0,百度新闻,新型电力系统,202512
20251223,电力交易,2,百度新闻,新型电力系统,202512
20251223,能效,0,百度新闻,新型电力系统,202512
20251223,节能,1,百度新闻,新型电力系统,202512
20251223,区块链,3,百度新闻,新型电力系统,202512
20251223,虚拟电厂,1,百度新闻,新型电力系统,202512
20251223,能量路由器,0,百度新闻,新型电力系统,202512
20251223,多能流,1,百度新闻,新型电力系统,202512
20251223,需求侧,1,百度新闻,新型电力系统,202512
20251223,抽水蓄能,0,百度新闻,新型电力系统,202512
20251223,电化学储能,1,百度新闻,新型电力系统,202512
